2470832,7193/50,IMGREC,1981,105,2470832,7193/50,NOT,1981,105
2470832,7193/50,IMGREC,1981,105,2470832,7193/50,NOT,1981,105
2470832,7193/50,IMGREC,1981,105,2470832,7193/50,NOT,1981,105
2470834,7193/52,IMGREC,1981,105,2470834,7193/52,NOT,1981,105
2470834,7193/52,IMGREC,1981,105,2470834,7193/52,NOT,1981,105
2470834,7193/52,IMGREC,1981,105,2470834,7193/52,NOT,1981,105
2470838,7193/56,IMGREC,1981,105,2470838,7193/56,NOT,1981,105
2470838,7193/56,IMGREC,1981,105,2470838,7193/56,NOT,1981,105
2470840,7193/58,IMGREC,1981,105,2470840,7193/58,NOT,1981,105
2470840,7193/58,IMGREC,1981,105,2470840,7193/58,NOT,1981,105
2471095,7193/313,IMGREC,1981,105,2471095,7193/313,DEDWAR,1981,105
2471339,7193/556,IMGREC,1981,105,2471339,7193/556,EASELE,1981,105
2471955,7247/572,IMGREC,1981,105,2471955,7247/572,EAS,1981,105
2471955,7247/572,IMGREC,1981,105,2471955,7247/572,EAS,1981,105
2471977,7247/594,IMGREC,1981,105,2471977,7247/594,EASELE,1981,105
2472014,7248/31,IMGREC,1981,105,2472014,7248/31,DEDWAR,1981,105
2472126,7248/143,IMGREC,1981,105,2472126,7248/143,DEDWAR,1981,105
2472156,7248/173,IMGREC,1981,105,2472156,7248/173,DEDWAR,1981,105
2473103,7249/340,IMGREC,1981,106,2473103,7249/340,DEDWAR,1981,106
2473887,7250/426,IMGREC,1981,107,2473887,7250/426,NOT,1981,107
2473887,7250/426,IMGREC,1981,107,2473887,7250/426,NOT,1981,107
2473983,7250/522,IMGREC,1981,107,2473983,7250/522,DEDWAR,1981,107
2474021,7250/560,IMGREC,1981,107,2474021,7250/560,DEDQCL,1981,107
2474124,7251/64,IMGREC,1981,107,2474124,7251/64,DEDWAR,1981,107
2474130,7251/70,IMGREC,1981,107,2474130,7251/70,EAS,1981,107
2474157,7251/97,IMGREC,1981,107,2474157,7251/97,DEDWAR,1981,107
2474157,7251/97,IMGREC,1981,107,2474157,7251/97,DEDWAR,1981,107
2474280,7251/220,IMGREC,1981,107,2474280,7251/220,DEDWAR,1981,107
2474949,7252/254,IMGREC,1981,108,2474949,7252/254,DED,1981,108
2474949,7252/254,IMGREC,1981,108,2474949,7252/254,DED,1981,108
2474949,7252/254,IMGREC,1981,108,2474949,7252/254,DED,1981,108
2474630,7251/535,IMGREC,1981,109,2474630,7251/535,MAPPVA,1981,109
2474633,7251/538,IMGREC,1981,109,2474633,7251/538,MAPPVA,1981,109
2474633,7251/538,IMGREC,1981,109,2474633,7251/538,MAPPVA,1981,109
2475218,7252/523,IMGREC,1981,109,2475218,7252/523,AMD,1981,109
2475951,7254/27,IMGREC,1981,109,2475951,7254/27,DEDQCL,1981,109
2476442,7254/519,IMGREC,1981,109,2476442,7254/519,EASELE,1981,109
2476522,7254/599,IMGREC,1981,109,2476522,7254/599,EASELE,1981,109
2476564,7255/41,IMGREC,1981,109,2476564,7255/41,EASELE,1981,109
2476572,7255/49,IMGREC,1981,109,2476572,7255/49,EASELE,1981,109
2476612,7255/89,IMGREC,1981,109,2476612,7255/89,EASELE,1981,109
2476845,7255/248,IMGREC,1981,112,2476845,7255/248,DEDWAR,1981,112
2476896,7255/299,IMGREC,1981,112,2476896,40/308,SLNREL,1981,113
2477185,7255/587,IMGREC,1981,112,2477185,7255/587,DEDWAR,1981,112
2477185,7255/587,IMGREC,1981,112,2477185,7255/587,DEDWAR,1981,112
2477279,7256/81,IMGREC,1981,112,2477279,7256/81,EAS,1981,112
2477964,7257/166,IMGREC,1981,112,2477964,7257/166,DEDWAR,1981,112
2478050,7257/252,IMGREC,1981,112,2478050,7257/252,DED,1981,112
2478352,7257/392,IMGREC,1981,113,2478352,7257/392,DEDWAR,1981,113
2478352,7257/392,IMGREC,1981,113,2478352,7257/392,DEDWAR,1981,113
2478352,7257/392,IMGREC,1981,113,2478352,7257/392,DEDWAR,1981,113
2478724,7258/164,IMGREC,1981,113,2478724,7258/164,NOT,1981,113
2478726,7258/166,IMGREC,1981,113,2478726,7258/166,NOT,1981,113
2478773,7258/213,IMGREC,1981,113,2478773,7258/213,DEDWAR,1981,113
2479430,7259/234,IMGREC,1981,114,2479430,7259/234,CCR,1981,114
2479460,7259/264,IMGREC,1981,114,2479460,7259/264,NOT,1981,114
2479467,7259/271,IMGREC,1981,114,2479467,7259/271,NOT,1981,114
2479719,7259/520,IMGREC,1981,115,2479719,7259/520,MAPVAC,1981,115
2479722,7259/523,IMGREC,1981,115,2479722,7259/523,MAPPVA,1981,115
2481194,7262/165,IMGREC,1981,115,2481194,7262/165,DEDWAR,1981,115
2482389,7263/582,IMGREC,1981,116,2482389,179/528,JDGABS,1981,128
2483527,7265/452,IMGREC,1981,119,2483527,7265/452,DEDWAR,1981,119
2483687,7276/12,IMGREC,1981,119,2483687,7276/12,DEDWAR,1981,119
2483710,7276/35,IMGREC,1981,119,2483710,7276/35,DEDWAR,1981,119
2484114,7276/373,IMGREC,1981,120,2484114,7276/373,DEDWAR,1981,120
2484466,7277/125,IMGREC,1981,120,2484466,7277/125,DEDWAR,1981,120
2484755,7277/414,IMGREC,1981,120,2484755,7277/414,DEDWAR,1981,120
2484760,7277/419,IMGREC,1981,120,2484760,7277/419,DEDWAR,1981,120
2485046,7278/105,IMGREC,1981,120,2485046,7278/105,AGR,1981,120
2485580,7278/523,IMGREC,1981,121,2485580,7278/523,DEDWAR,1981,121
2487225,7281/212,IMGREC,1981,122,2487225,7281/212,DEDWAR,1981,122
2487617,7281/582,IMGREC,1981,123,2487617,7281/582,NOT,1981,123
2488297,7284/63,IMGREC,1981,123,2488297,7284/63,DEDWAR,1981,123
2487287,7281/253,IMGREC,1981,126,2487287,7281/253,EASSWR,1981,126
2487290,7281/256,IMGREC,1981,126,2487290,7281/256,EAS,1981,126
2488650,7284/282,IMGREC,1981,126,2488650,7284/282,DEDWAR,1981,126
2488662,7284/294,IMGREC,1981,126,2488662,7284/294,DEDWAR,1981,126
2488675,7284/307,IMGREC,1981,126,2488675,7284/307,DEDWAR,1981,126
2488884,7284/467,IMGREC,1981,126,2488884,7284/467,DEDWAR,1981,126
2489376,7285/361,IMGREC,1981,126,2489376,7285/361,AMD,1981,126
2490100,7286/268,IMGREC,1981,127,2490100,7286/268,NOT,1981,127
2490100,7286/268,IMGREC,1981,127,2490100,7286/268,NOT,1981,127
2490131,7286/299,IMGREC,1981,127,2490131,7286/299,NOT,1981,127
2490152,7286/320,IMGREC,1981,127,2490152,7286/320,MAPPVA,1981,128
2490152,7286/320,IMGREC,1981,127,2490152,7286/320,MAPPVA,1981,128
2491886,7289/215,IMGREC,1981,128,2491886,7289/215,EASELE,1981,128
2491906,7289/235,IMGREC,1981,128,2491906,7289/235,EASELE,1981,128
2491922,7289/251,IMGREC,1981,128,2491922,7289/251,EASELE,1981,128
2492199,7289/528,IMGREC,1981,128,2492199,7289/528,EASELE,1981,128
2492720,7290/321,IMGREC,1981,129,2492720,7290/321,DEDWAR,1981,129
2492938,7290/538,IMGREC,1981,129,2492938,7290/538,DEDWAR,1981,129
2492964,7290/564,IMGREC,1981,129,2492964,7290/564,NOT,1981,129
2493539,7291/404,IMGREC,1981,130,2493539,7291/404,DEDWAR,1981,120
2493874,7292/139,IMGREC,1981,130,2493874,7292/139,EASDRN,1981,130
2494329,7292/594,IMGREC,1981,130,2494329,7292/594,DEDWAR,1981,130
2494597,7293/185,IMGREC,1981,202,2494597,7293/185,DEDWAR,1981,202
2494666,7293/254,IMGREC,1981,202,2494666,7293/254,DEDWAR,1981,202
2494666,7293/254,IMGREC,1981,202,2494666,7293/254,DEDWAR,1981,202
2495118,7294/75,IMGREC,1981,202,2495118,7294/75,DEDWAR,1981,202
2495350,7294/307,IMGREC,1981,202,2495350,7294/307,DEDWAR,1981,202
2496360,7295/585,IMGREC,1981,203,2496360,7295/585,DEDQCL,1981,203
2496416,7296/41,IMGREC,1981,203,2496416,7296/41,DEDWAR,1981,203
2496421,7296/46,IMGREC,1981,203,2496421,7296/46,DEDWAR,1981,203
2497922,7298/126,IMGREC,1981,204,2497922,7298/126,DEDWAR,1981,204
2498569,7299/132,IMGREC,1981,205,2498569,7299/132,DEDWAR,1981,205
2499069,7299/518,IMGREC,1981,205,2499069,7299/518,DEDWAR,1981,205
2499073,7299/522,IMGREC,1981,205,2499073,7299/522,DEDWAR,1981,205
2499455,7300/289,IMGREC,1981,206,2499455,7300/289,DEDWAR,1981,206
2499618,7300/450,IMGREC,1981,206,2499618,7300/450,DED,1981,206
2499720,7300/551,IMGREC,1981,206,2499720,7300/551,DEDWAR,1981,206
2499738,7300/569,IMGREC,1981,206,2499738,7300/569,DEDWAR,1981,206
2500401,7301/474,IMGREC,1981,209,2500401,7301/474,DEDWAR,1981,209
2500525,7301/598,IMGREC,1981,209,2500525,7301/598,DEDMIN,1981,209
2500565,7302/38,IMGREC,1981,209,2500565,7302/38,DEDWAR,1981,209
2500569,7302/42,IMGREC,1981,209,2500569,7302/42,DEDWAR,1981,209
2500576,7302/49,IMGREC,1981,209,2500576,7302/49,DEDWAR,1981,209
2500580,7302/53,IMGREC,1981,209,2500580,7302/53,DEDWAR,1981,209
2500601,7302/74,IMGREC,1981,209,2500601,7302/74,DEDWAR,1981,209
2500782,7302/236,IMGREC,1981,209,2500782,7302/236,DEDWAR,1981,209
2500785,7302/239,IMGREC,1981,209,2500785,7302/239,EAS,1981,209
2500824,7302/278,IMGREC,1981,209,2500824,7302/278,DEDWAR,1981,209
2502638,7305/204,IMGREC,1981,211,2502638,7305/204,DEDWAR,1981,211
2502682,7305/246,IMGREC,1981,211,2502682,7305/246,DEDWAR,1981,211
2502684,7305/248,IMGREC,1981,211,2502684,7305/248,DEDWAR,1981,211
2502772,7305/335,IMGREC,1981,211,2502772,7305/335,DEDWAR,1981,211
2502776,7305/339,IMGREC,1981,211,2502776,7305/339,DEDWAR,1981,211
2502780,7305/343,IMGREC,1981,211,2502780,7305/343,DEDWAR,1981,211
2502784,7305/347,IMGREC,1981,211,2502784,7305/347,DEDWAR,1981,211
2502863,7305/424,IMGREC,1981,211,2502863,7305/424,SLNREL,1981,211
2503142,7305/599,IMGREC,1981,211,2503142,7305/599,NOT,1981,211
2503067,7305/524,IMGREC,1981,212,2503067,7305/524,MAPPVA,1981,212
2503067,7305/524,IMGREC,1981,212,2503067,7305/524,MAPPVA,1981,212
2504286,7307/513,IMGREC,1981,212,2504286,7307/513,DEDQCL,1981,212
2504286,7307/513,IMGREC,1981,212,2504286,7307/513,DEDQCL,1981,212
2504336,7307/563,IMGREC,1981,212,2504336,7307/563,DEDWAR,1981,212
2513009,7307/547,IMGREC,1981,212,2513009,7307/547,DEDWAR,1981,212
2505057,7308/579,IMGREC,1981,213,2505057,7308/579,AFF,1981,213
2505057,7308/579,IMGREC,1981,213,2505057,7308/579,AFFIDN,1981,213
2505976,7310/266,IMGREC,1981,213,2505976,7310/266,DEDWAR,1981,213
2506206,7310/466,IMGREC,1981,217,2506206,7310/466,DEDWAR,1981,217
2506206,7310/466,IMGREC,1981,217,2506206,7310/466,DEDWAR,1981,217
2506260,7310/520,IMGREC,1981,217,2506260,7310/520,NOT,1981,217
2506263,7310/523,IMGREC,1981,217,2506263,7310/523,NOT,1981,217
2507083,7312/118,IMGREC,1981,217,2507083,7312/118,DEDWAR,1981,217
2507245,7312/280,IMGREC,1981,217,2507245,7312/280,DEDWAR,1981,217
2508411,7314/165,IMGREC,1981,218,2508411,7314/165,DEDWAR,1981,218
2508542,7314/289,IMGREC,1981,219,2508542,7314/289,EASELE,1981,219
2508542,7314/289,IMGREC,1981,219,2508542,7314/289,EASELE,1981,219
2508542,7314/289,IMGREC,1981,219,2508542,7314/289,NOT,1981,219
2508559,7314/306,IMGREC,1981,219,2508559,7314/306,EASELE,1981,219
2508626,7314/371,IMGREC,1981,219,2508626,7314/371,EASELE,1981,219
2509140,7315/183,IMGREC,1981,219,2509140,7315/183,DEDWAR,1981,219
2509214,7315/257,IMGREC,1981,219,2509214,7315/257,DEDWAR,1981,219
2509504,7315/547,IMGREC,1981,219,2509504,7315/547,CONSLE,1981,219
2509820,7316/242,IMGREC,1981,220,2509820,7316/242,CCRAMD,1981,220
2510300,7317/109,IMGREC,1981,220,2510300,7317/109,DEDWAR,1981,220
2510702,7317/471,IMGREC,1981,223,2510702,7317/471,DEDWAR,1981,223
2510705,7317/474,IMGREC,1981,223,2510705,7317/474,DED,1981,223
2511627,7319/90,IMGREC,1981,223,2511627,7319/90,DEDWAR,1981,223
2512167,7320/1,IMGREC,1981,224,2512167,7320/1,DEDWAR,1981,224
2512220,7320/43,IMGREC,1981,224,2512220,7320/43,DEDWAR,1981,224
2512319,7320/142,IMGREC,1981,224,2512319,7320/142,DED,1981,224
2512322,7320/145,IMGREC,1981,224,2512322,7320/145,DED,1981,224
2513098,7321/183,IMGREC,1981,225,2513098,7321/183,EAS,1981,225
2513128,7321/212,IMGREC,1981,225,2513128,7321/212,DEDWAR,1981,225
2513128,7321/212,IMGREC,1981,225,2513128,7321/212,DEDWAR,1981,225
2513215,7321/297,IMGREC,1981,225,2513215,7321/297,NOT,1981,225
2516626,7326/427,IMGREC,1981,303,2516626,7326/427,DEDWAR,1981,303
2517157,7327/316,IMGREC,1981,303,2517157,7327/316,DEDWAR,1981,303
2517211,7327/370,IMGREC,1981,303,2517211,7327/370,DEDPTN,1981,303
2517211,7327/370,IMGREC,1981,303,2517211,7327/370,DEDPTN,1981,303
2517399,7327/556,IMGREC,1981,303,2517399,7327/556,DEDWAR,1981,303
2517404,7327/561,IMGREC,1981,303,2517404,7327/561,DEDWAR,1981,303
2517414,7327/571,IMGREC,1981,303,2517414,7327/571,DEDWAR,1981,303
2517587,7328/144,IMGREC,1981,303,2517587,7328/144,DEDWAR,1981,303
2518687,7329/548,IMGREC,1981,303,2518687,7329/548,DEDWAR,1981,303
2516906,7327/93,IMGREC,1981,304,2516906,7327/93,CCR,1981,304
2518052,7329/9,IMGREC,1981,304,2518052,7329/9,EASAMD,1981,304
2519503,7330/542,IMGREC,1981,304,2519503,7330/542,EASROW,1981,304
2519514,7330/553,IMGREC,1981,304,2519514,7330/553,DEDWAR,1981,304
2519945,7331/385,IMGREC,1981,304,2519945,7331/385,DEDWAR,1981,304
2519784,7331/223,IMGREC,1981,305,2519784,7331/223,DEDWAR,1981,305
2520507,7332/294,IMGREC,1981,305,2520507,7332/294,DEDWAR,1981,305
2520507,7332/294,IMGREC,1981,305,2520507,7332/294,DEDWAR,1981,305
2520507,7332/294,IMGREC,1981,305,2520507,7332/294,DEDWAR,1981,305
2521075,7333/234,IMGREC,1981,305,2521075,7333/234,EASSWR,1981,305
2521077,7333/236,IMGREC,1981,305,2521077,7333/236,DEDWAR,1981,305
2524097,7338/68,IMGREC,1981,310,2524097,7338/68,EAS,1981,310
2524099,7338/70,IMGREC,1981,310,2524099,7338/70,EAS,1981,310
2524128,7338/99,IMGREC,1981,310,2524128,7338/99,DEDWAR,1981,310
2524209,7338/180,IMGREC,1981,310,2524209,7338/180,DEDWAR,1981,310
2524226,7338/197,IMGREC,1981,310,2524226,7338/197,DEDWAR,1981,310
2524244,7338/215,IMGREC,1981,310,2524244,7338/215,DEDWAR,1981,310
2524279,7338/250,IMGREC,1981,310,2524279,7338/250,DEDWAR,1981,310
2524167,7338/138,IMGREC,1981,311,2524167,7338/138,MAPVAC,1981,311
2524167,7338/138,IMGREC,1981,311,2524167,7338/138,MAPVAC,1981,311
2525811,7340/475,IMGREC,1981,312,2525811,7340/475,DEDWAR,1981,312
2526423,7341/483,IMGREC,1981,312,2526423,7341/483,DEDQCL,1981,312
2526862,7342/252,IMGREC,1981,313,2526862,7342/253,DEDWAR,1981,313
2527242,7343/27,IMGREC,1981,313,2527242,7343/27,DEDWAR,1981,313
2527811,7343/588,IMGREC,1981,316,2527811,7343/588,DEDWAR,1981,316
2528007,7344/158,IMGREC,1981,316,2528007,7344/158,DEDWAR,1981,316
2529827,7347/43,IMGREC,1981,318,2529827,7347/43,EAS,1981,318
2530121,7347/234,IMGREC,1981,318,2530121,7347/234,EASROW,1981,318
2530124,7347/237,IMGREC,1981,318,2530124,7347/237,EASDRN,1981,318
2530188,7347/301,IMGREC,1981,318,2530188,7347/301,DEDWAR,1981,318
2530400,7347/513,IMGREC,1981,318,2530400,7347/513,EAS,1981,318
2530710,7348/223,IMGREC,1981,318,2530710,7348/223,EAS,1981,318
2530710,7348/223,IMGREC,1981,318,2530710,7348/223,EAS,1981,318
2530842,7348/321,IMGREC,1981,319,2530842,7348/321,DED,1981,319
2531141,7349/24,IMGREC,1981,319,2531141,7349/24,CCR,1981,319
2531168,7349/50,IMGREC,1981,319,2531168,7349/50,DEDWAR,1981,319
2531500,7349/362,IMGREC,1981,319,2531500,7349/362,EASELE,1981,319
2531510,7349/372,IMGREC,1981,319,2531510,7349/372,EASELE,1981,319
2532497,7351/3,IMGREC,1981,319,2532497,7351/3,EASELE,1981,320
2531954,7350/117,IMGREC,1981,320,2531954,7350/117,CCR,1981,320
2532072,7350/182,IMGREC,1981,320,2532072,7350/182,DEDWAR,1981,320
2532606,7351/112,IMGREC,1981,320,2532606,7351/112,DEDQCL,1981,320
2532608,7351/114,IMGREC,1981,320,2532608,7351/114,DEDWAR,1981,320
2532615,7351/121,IMGREC,1981,320,2532615,7351/121,NOT,1981,320
2533265,7352/131,IMGREC,1981,323,2533265,7352/131,CCR,1981,323
2533288,7352/154,IMGREC,1981,323,2533288,7352/154,CCR,1981,323
2533296,7352/162,IMGREC,1981,323,2533296,7352/162,CCR,1981,323
2533302,7352/168,IMGREC,1981,323,2533302,7352/168,CCR,1981,323
2533315,7352/181,IMGREC,1981,323,2533315,7352/181,CCR,1981,323
2533670,7352/534,IMGREC,1981,323,2533670,7352/534,DEDWAR,1981,323
2534173,7353/413,IMGREC,1981,324,2534173,7353/413,MAPVAC,1981,324
2534357,7353/592,IMGREC,1981,324,2534357,7353/592,EASREL,1981,324
2534359,7353/594,IMGREC,1981,324,2534359,7353/594,EASREL,1981,324
2534361,7353/596,IMGREC,1981,324,2534361,7353/596,ARTAMD,1981,324
2534361,7353/596,IMGREC,1981,324,2534361,7353/596,ARTAMD,1981,324
2535297,7355/310,IMGREC,1981,325,2535297,7355/310,MAPPVA,1981,325
2535297,7355/310,IMGREC,1981,325,2535297,7355/310,MAPPVA,1981,325
2535306,7355/319,IMGREC,1981,325,2535306,7355/319,MAPVAC,1981,325
2535594,7356/4,IMGREC,1981,325,2535594,7356/4,DEDWAR,1981,325
2535896,7356/304,IMGREC,1981,325,2535896,7356/304,DEDWAR,1981,325
2535896,7356/304,IMGREC,1981,325,2535896,7356/304,DEDWAR,1981,325
2535958,7356/364,IMGREC,1981,325,2535958,7356/364,EASELE,1981,325
2535958,7356/364,IMGREC,1981,325,2535958,7356/364,EASELE,1981,325
2536286,7357/71,IMGREC,1981,326,2536286,7357/71,DEDWAR,1981,326
2536323,7357/108,IMGREC,1981,326,2536323,7357/108,CONSLE,1981,326
2536323,7357/108,IMGREC,1981,326,2536323,7357/108,NOT,1981,326
2536323,7357/108,IMGREC,1981,326,2536323,7357/108,NOT,1981,326
2536362,7357/147,IMGREC,1981,326,2536362,7357/147,DEDWAR,1981,326
2536366,7357/151,IMGREC,1981,326,2536366,7357/151,DEDQCL,1981,326
2536369,7357/154,IMGREC,1981,326,2536369,7357/154,DEDWAR,1981,326
2536373,7357/158,IMGREC,1981,326,2536373,7357/158,EASELE,1981,326
2536379,7357/164,IMGREC,1981,326,2536379,7357/164,EASELE,1981,326
2536414,7357/199,IMGREC,1981,326,2536414,7357/199,NOTPRT,1981,326
2536414,7357/199,IMGREC,1981,326,2536414,7357/199,NOTPRT,1981,326
2536805,7357/580,IMGREC,1981,326,2536805,7357/580,DEDWAR,1981,326
2537023,7358/198,IMGREC,1981,326,2537023,7358/198,DEDWAR,1981,326
2537032,7358/207,IMGREC,1981,326,2537032,7358/207,DEDWAR,1981,326
2537186,7358/358,IMGREC,1981,327,2537186,7517/300,NOT,1981,724
2538282,7360/178,IMGREC,1981,330,2538282,183/538,JDGABS,1981,330
2538338,7360/234,IMGREC,1981,330,2538338,7360/234,DEDWAR,1981,330
2538588,7360/375,IMGREC,1981,330,2538588,7360/375,DEDQCL,1981,330
2538591,7360/378,IMGREC,1981,330,2538591,7360/378,DEDWAR,1981,330
2539038,7361/225,IMGREC,1981,330,2539038,7361/225,DEDWAR,1981,330
2539208,7361/349,IMGREC,1981,331,2539208,7361/349,DEDWAR,1981,331
2539214,7361/355,IMGREC,1981,331,2539214,7361/355,DEDWAR,1981,331
2539321,7361/462,IMGREC,1981,331,2539321,7361/462,DEDWAR,1981,331
2539379,7361/520,IMGREC,1981,331,2539379,7361/520,DEDWAR,1981,331
2539379,7361/520,IMGREC,1981,331,2539379,7361/520,DEDWAR,1981,331
2539379,7361/520,IMGREC,1981,331,2539379,7361/520,DEDWAR,1981,331
2539506,7362/47,IMGREC,1981,331,2539506,7362/47,DEDWAR,1981,331
2539614,7362/154,IMGREC,1981,331,2539614,7362/154,DEDWAR,1981,331
2539640,7362/180,IMGREC,1981,331,2539640,7362/180,DEDWAR,1981,331
2539986,7362/510,IMGREC,1981,331,2539986,7362/510,DEDWAR,1981,331
2540430,7363/342,IMGREC,1981,401,2540430,7363/342,EASREL,1981,401
2540435,7363/347,IMGREC,1981,401,2540435,7363/347,REL,1981,401
2540540,7363/452,IMGREC,1981,401,2540540,7363/452,DEDWAR,1981,401
2540962,7364/265,IMGREC,1981,401,2540962,7364/265,DEDWAR,1981,401
2541800,7365/470,IMGREC,1981,402,2541800,7365/470,DEDWAR,1981,402
2542049,7366/119,IMGREC,1981,402,2542049,7366/119,DEDWAR,1981,402
2542122,7366/185,IMGREC,1981,402,2542122,7366/185,DEDWAR,1981,402
2542353,7366/414,IMGREC,1981,402,2542353,7366/414,DEDWAR,1981,402
2542567,7367/28,IMGREC,1981,402,2542567,7367/28,DEDWAR,1981,402
2543201,7368/41,IMGREC,1981,403,2543201,7368/41,DEDWAR,1981,403
2543201,7368/41,IMGREC,1981,403,2543201,7368/41,DEDWAR,1981,403
2543201,7368/41,IMGREC,1981,403,2543201,7368/41,DEDWAR,1981,403
2543482,7368/311,IMGREC,1981,403,2543482,7368/311,DEDWAR,1981,403
2543482,7368/311,IMGREC,1981,403,2543482,7368/311,DEDWAR,1981,403
2543482,7368/311,IMGREC,1981,403,2543482,7368/311,DEDWAR,1981,403
2543968,7369/197,IMGREC,1981,403,2543968,7369/197,AFF,1981,403
2544072,7369/303,IMGREC,1981,403,2544072,7369/303,DEDWAR,1981,403
2544072,7369/303,IMGREC,1981,403,2544072,7369/303,DEDWAR,1981,403
2544072,7369/303,IMGREC,1981,403,2544072,7369/303,DEDWAR,1981,403
2544375,7369/566,IMGREC,1981,406,2544375,7369/566,NOT,1981,406
2544640,7370/231,IMGREC,1981,406,2544640,7370/231,DEDWAR,1981,406
2545764,7372/109,IMGREC,1981,407,2545764,7372/109,DEDWAR,1981,407
2545764,7372/109,IMGREC,1981,407,2545764,7372/109,DEDWAR,1981,407
2545824,7372/169,IMGREC,1981,407,2545824,7372/269,JDGREL,1981,407
2545824,7372/169,IMGREC,1981,407,2545824,7372/269,JDGREL,1981,407
2545824,7372/169,IMGREC,1981,407,2545824,7372/269,JDGREL,1981,407
2546169,7372/514,IMGREC,1981,407,2546169,7372/514,NOT,1981,407
2546169,7372/514,IMGREC,1981,407,2546169,7372/514,NOTSLE,1981,407
2546249,7372/594,IMGREC,1981,407,2546249,7372/594,DEDWAR,1981,406
2546653,7373/383,IMGREC,1981,408,2546653,7373/383,DEDWAR,1981,408
2546664,7373/394,IMGREC,1981,408,2546664,7373/394,NTEPRL,1981,408
2547085,7374/213,IMGREC,1981,408,2547085,7374/213,AGR,1981,408
2547124,7374/252,IMGREC,1981,408,2547124,7374/252,NTEREL,1981,408
2547131,7374/259,IMGREC,1981,408,2547131,7374/259,DEDWAR,1981,408
2547509,7375/37,IMGREC,1981,408,2547509,7375/37,DEDWAR,1981,408
2547716,7375/244,IMGREC,1981,408,2547716,7375/244,DEDWAR,1981,408
2547843,7375/371,IMGREC,1981,408,2547843,7375/371,DEDWAR,1981,408
2547874,7375/402,IMGREC,1981,409,2547874,7375/402,MAPVAC,1981,409
2547876,7375/404,IMGREC,1981,409,2547876,7375/404,MAPVAC,1981,409
2547878,7375/406,IMGREC,1981,409,2547878,7375/406,MAPPVA,1981,409
2547881,7375/409,IMGREC,1981,409,2547881,7375/409,MAPPVA,1981,409
2547885,7375/413,IMGREC,1981,409,2547885,7375/413,MAPPVA,1981,409
2548251,7376/146,IMGREC,1981,409,2548251,7376/146,DEDWAR,1981,409
2548298,7376/193,IMGREC,1981,409,2548298,7376/193,DEDWAR,1981,409
2548874,7377/137,IMGREC,1981,410,2548874,7377/137,DEDWAR,1981,410
2548982,7377/245,IMGREC,1981,410,2548982,7377/245,DEDWAR,1981,410
2549166,7377/404,IMGREC,1981,410,2549166,7377/404,DEDWAR,1981,410
2549166,7377/404,IMGREC,1981,410,2549166,7377/404,DEDWAR,1981,410
2549367,7378/5,IMGREC,1981,410,2549367,7378/5,DEDWAR,1981,410
2549367,7378/5,IMGREC,1981,410,2549367,7378/5,DEDWAR,1981,410
2549367,7378/5,IMGREC,1981,410,2549367,7378/5,DEDWAR,1981,410
2549367,7378/5,IMGREC,1981,410,2549367,7378/5,DEDWAR,1981,410
2549367,7378/5,IMGREC,1981,410,2549367,7378/5,DEDWAR,1981,410
2549367,7378/5,IMGREC,1981,410,2549367,7378/5,DEDWAR,1981,410
2549779,7378/339,IMGREC,1981,413,2549779,7378/339,DEDWAR,1981,413
2550092,7379/52,IMGREC,1981,413,2550092,7379/52,DEDWAR,1981,413
2551070,7380/413,IMGREC,1981,414,2551070,7380/413,NOT,1981,414
2550962,7380/305,IMGREC,1981,415,2550962,7380/305,DEDWAR,1981,415
2551878,7381/435,IMGREC,1981,415,2551878,7381/435,CONSLE,1981,415
2552435,7382/391,IMGREC,1981,416,2552435,7382/391,MAPPVA,1981,416
2552790,7383/134,IMGREC,1981,416,2552790,7383/134,EASELE,1981,416
2552816,7383/160,IMGREC,1981,416,2552816,7383/160,EAS,1981,416
2552940,7383/284,IMGREC,1981,416,2552940,7383/284,EASELE,1981,416
2552940,7383/284,IMGREC,1981,416,2552940,7383/284,EASELE,1981,416
2552942,7383/286,IMGREC,1981,416,2552942,7383/286,EASELE,1981,416
2553611,7384/342,IMGREC,1981,417,2553611,7384/342,DEDWAR,1981,417
2553690,7384/421,IMGREC,1981,417,2553690,7384/421,DEDWAR,1981,417
2553694,7384/425,IMGREC,1981,417,2553694,7384/425,DEDWAR,1981,417
2553696,7384/427,IMGREC,1981,417,2553696,7384/427,DEDWAR,1981,417
2553698,7384/429,IMGREC,1981,417,2553698,7384/429,DEDWAR,1981,417
2553700,7384/431,IMGREC,1981,417,2553700,7384/431,DEDWAR,1981,417
2553754,7384/485,IMGREC,1981,417,2553754,7384/485,DEDWAR,1981,417
2553904,7385/29,IMGREC,1981,417,2553904,7385/29,DEDWAR,1981,417
2553906,7385/31,IMGREC,1981,417,2553906,7385/31,DEDWAR,1981,417
2554423,7385/527,IMGREC,1981,420,2554423,7385/527,DEDFCL,1981,420
2554432,7385/536,IMGREC,1981,420,2554432,7385/536,DEDWAR,1981,420
2554432,7385/536,IMGREC,1981,420,2554432,7385/536,DEDWAR,1981,420
2554432,7385/536,IMGREC,1981,420,2554432,7385/536,DEDWAR,1981,420
2554432,7385/536,IMGREC,1981,420,2554432,7385/536,DEDWAR,1981,420
2554498,7385/583,IMGREC,1981,420,2554498,7385/583,DEDWAR,1981,420
2554498,7385/583,IMGREC,1981,420,2554498,7385/583,DEDWAR,1981,420
2554684,7386/166,IMGREC,1981,420,2554684,7386/166,NOT,1981,420
2554736,7386/218,IMGREC,1981,420,2554736,7386/218,DEDWAR,1981,420
2554753,7386/235,IMGREC,1981,420,2554753,7386/235,DEDQCL,1981,420
2554753,7386/235,IMGREC,1981,420,2554753,7386/235,DEDQCL,1981,420
2554753,7386/235,IMGREC,1981,420,2554753,7386/235,DEDQCL,1981,420
2554832,7386/314,IMGREC,1981,420,2554832,7386/314,DEDWAR,1981,420
2555827,7388/73,IMGREC,1981,421,2555827,7388/73,DEDWAR,1981,421
2556183,7388/405,IMGREC,1981,421,2556183,7388/405,DEDWAR,1981,421
2556188,7388/410,IMGREC,1981,421,2556188,7388/410,DEDWAR,1981,421
2556388,7388/587,IMGREC,1981,422,2556388,7388/587,EASELE,1981,422
2556778,7389/371,IMGREC,1981,422,2556778,7389/371,DEDWAR,1981,422
2557015,7390/1,IMGREC,1981,422,2557015,7390/1,DEDWAR,1981,422
2557820,7391/191,IMGREC,1981,423,2557820,7391/191,DEDWAR,1981,423
2558182,7391/549,IMGREC,1981,423,2558182,7391/549,DEDWAR,1981,423
2558229,7391/596,IMGREC,1981,423,2558229,7391/596,DEDWAR,1981,423
2558688,7392/421,IMGREC,1981,424,2558688,7392/421,DEDQCL,1981,424
2558774,7392/507,IMGREC,1981,424,2558774,7392/507,EASDRN,1981,424
2558786,7392/519,IMGREC,1981,424,2558786,7392/519,DEDWAR,1981,424
2559182,7393/310,IMGREC,1981,424,2559182,7393/310,DEDWAR,1981,423
2561193,7396/512,IMGREC,1981,427,2561193,7396/512,DEDWAR,1981,427
2561249,7396/568,IMGREC,1981,427,2561249,7396/568,DEDWAR,1981,427
2562068,7398/170,IMGREC,1981,428,2562068,7398/170,DEDWAR,1981,428
2562183,7398/285,IMGREC,1981,428,2562183,7398/285,DEDWAR,1981,428
2562584,7399/53,IMGREC,1981,429,2562584,7399/53,CCR,1981,429
2563215,7400/39,IMGREC,1981,429,2563215,7400/39,DEDWAR,1981,429
2563223,7400/47,IMGREC,1981,429,2563223,7400/47,DEDWAR,1981,429
2563914,7401/118,IMGREC,1981,430,2563914,7401/118,NOT,1981,430
2564566,7402/168,IMGREC,1981,430,2564566,7402/168,DEDWAR,1981,430
2564892,7402/480,IMGREC,1981,501,2564892,7402/480,DEDWAR,1981,501
2564972,7402/557,IMGREC,1981,501,2564972,7402/557,EAS,1981,501
2564987,7402/572,IMGREC,1981,501,2564987,7402/572,DEDWAR,1981,501
2565145,7403/128,IMGREC,1981,501,2565145,7403/128,EASROW,1981,501
2565332,7403/313,IMGREC,1981,501,2565332,7403/313,DEDWAR,1981,501
2565650,7404/31,IMGREC,1981,501,2565650,7404/31,DEDWAR,1981,501
2565724,7404/105,IMGREC,1981,501,2565724,7404/105,DEDWAR,1981,501
2565729,7404/110,IMGREC,1981,501,2565729,7404/110,DEDWAR,1981,501
2566701,7405/385,IMGREC,1981,504,2566701,7405/385,DEDWAR,1981,504
2567983,7407/433,IMGREC,1981,505,2567983,7407/433,DEDWAR,1981,505
2568168,7408/18,IMGREC,1981,505,2568168,7408/18,NOT,1981,505
2568752,7409/4,IMGREC,1981,505,2568752,7409/4,DEDWAR,1981,505
2568508,7408/358,IMGREC,1981,506,2568508,7408/358,MAPPVA,1981,506
2568511,7408/361,IMGREC,1981,506,2568511,7408/361,MAPPVA,1981,506
2568514,7408/364,IMGREC,1981,506,2568514,7408/364,MAPPVA,1981,506
2569243,7409/456,IMGREC,1981,506,2569243,7409/456,DEDWAR,1981,506
2569723,7410/337,IMGREC,1981,506,2569723,7410/337,DEDWAR,1981,506
2569930,7410/545,IMGREC,1981,506,2569930,7410/545,DEDWAR,1981,506
2569980,7410/596,IMGREC,1981,506,2569980,7410/596,DEDWAR,1981,506
2569271,7409/484,IMGREC,1981,507,2569271,7409/484,DEDWAR,1981,507
2569281,7409/494,IMGREC,1981,507,2569281,7409/494,DOT,1981,507
2570112,7411/108,IMGREC,1981,507,2570112,7411/108,CCR,1981,507
2570849,7412/237,IMGREC,1981,507,2570849,7412/237,DEDWAR,1981,507
2570854,7412/242,IMGREC,1981,507,2570854,7412/242,DEDWAR,1981,507
2570859,7412/247,IMGREC,1981,507,2570859,7412/247,DEDWAR,1981,507
2571089,7412/477,IMGREC,1981,507,2571089,7412/477,NOT,1981,507
2571093,7412/481,IMGREC,1981,507,2571093,7412/481,NOT,1981,507
2579818,7411/107,IMGREC,1981,507,2579818,7411/107,CCR,1981,507
2570951,7412/339,IMGREC,1981,508,2570951,7412/339,DEDWAR,1981,508
2572199,7414/307,IMGREC,1981,508,2572199,7414/307,DEDWAR,1981,508
2572229,7414/337,IMGREC,1981,508,2572229,7414/337,DEDWAR,1981,508
2572566,7415/41,IMGREC,1981,511,2572566,7415/41,AGR,1981,511
2572691,7415/166,IMGREC,1981,511,2572691,7415/166,DEDQCL,1981,511
2573188,7416/56,IMGREC,1981,511,2573188,7416/56,DED,1981,511
2573311,7416/180,IMGREC,1981,511,2573311,7416/180,DEDWAR,1981,511
2573489,7416/328,IMGREC,1981,512,2573489,7416/328,MAPPVA,1981,512
2575190,7419/171,IMGREC,1981,513,2575190,7419/171,DEDWAR,1981,513
2576239,7420/583,IMGREC,1981,514,2576239,7420/583,CCRAMD,1981,514
2576239,7420/583,IMGREC,1981,514,2576239,7420/583,CCRAMD,1981,514
2576856,7421/598,IMGREC,1981,515,2576856,7421/598,DEDWAR,1981,515
2577869,7423/393,IMGREC,1981,515,2577869,7423/393,DEDWAR,1981,515
2577886,7423/410,IMGREC,1981,515,2577886,7423/410,DEDWAR,1981,515
2578074,7423/598,IMGREC,1981,515,2578074,7423/598,DEDWAR,1981,515
2578497,7424/421,IMGREC,1981,515,2578497,7424/421,DEDWAR,1981,515
2578497,7424/421,IMGREC,1981,515,2578497,7424/421,DEDWAR,1981,515
2578652,7424/514,IMGREC,1981,518,2578652,7424/514,DEDWAR,1981,518
2578985,7425/237,IMGREC,1981,518,2578985,7425/237,DEDWAR,1981,518
2579853,7426/493,IMGREC,1981,519,2579853,7426/493,EASDRN,1981,519
2579857,7426/497,IMGREC,1981,519,2579857,7426/497,EAS,1981,519
2580534,7427/561,IMGREC,1981,519,2580534,7427/561,DEDWAR,1981,519
2580622,7428/49,IMGREC,1981,519,2580622,7428/49,DEDWAR,1981,519
2580625,7428/52,IMGREC,1981,519,2580625,7428/52,DEDWAR,1981,519
2580724,7428/151,IMGREC,1981,519,2580724,7428/151,DEDWAR,1981,519
2580743,7428/170,IMGREC,1981,519,2580743,7428/170,DEDWAR,1981,519
2581364,7429/143,IMGREC,1981,520,2581364,7429/143,EAS,1981,520
2581364,7429/143,IMGREC,1981,520,2581364,7429/143,EAS,1981,520
2582417,7430/571,IMGREC,1981,521,2582417,7430/571,DEDWAR,1981,521
2582702,7431/250,IMGREC,1981,521,2582702,7431/250,NOT,1981,521
2583647,7432/566,IMGREC,1981,522,2583647,7432/566,DEDWAR,1981,522
2584010,7433/328,IMGREC,1981,522,2584010,7433/328,DEDWAR,1981,522
2584098,7433/415,IMGREC,1981,522,2584098,7433/415,DEDWAR,1981,522
2584380,7434/97,IMGREC,1981,522,2584380,7434/97,DEDWAR,1981,522
2584392,7434/109,IMGREC,1981,522,2584392,7434/109,DEDWAR,1981,522
2585000,7435/57,IMGREC,1981,526,2585000,7435/57,DED,1981,526
2585221,7435/278,IMGREC,1981,526,2585221,7435/278,DEDWAR,1981,526
2585510,7435/568,IMGREC,1981,526,2585510,7435/568,DEDWAR,1981,526
2585575,7436/33,IMGREC,1981,526,2585575,7436/33,DEDWAR,1981,526
2586075,7436/516,IMGREC,1981,527,2586075,7436/516,TRSAMD,1981,527
2586075,7436/516,IMGREC,1981,527,2586075,7436/516,TRSAMD,1981,527
2586075,7436/516,IMGREC,1981,527,2586075,7436/516,TRSAMD,1981,527
2586075,7436/516,IMGREC,1981,527,2586075,7436/516,TRSAMD,1981,527
2586083,7436/524,IMGREC,1981,527,2586083,7436/524,NOTTRS,1981,527
2586083,7436/524,IMGREC,1981,527,2586083,7436/524,NOTTRS,1981,527
2586083,7436/524,IMGREC,1981,527,2586083,7436/524,NOTTRS,1981,527
2586083,7436/524,IMGREC,1981,527,2586083,7436/524,NOTTRS,1981,527
2586569,7437/373,IMGREC,1981,527,2586569,7437/373,DEDWAR,1981,527
2586572,7437/376,IMGREC,1981,527,2586572,7437/376,DEDWAR,1981,527
2586609,7437/413,IMGREC,1981,527,2586609,7437/413,DEDWAR,1981,527
2586775,7437/579,IMGREC,1981,527,2586775,7437/579,CCR,1981,527
2586813,7438/17,IMGREC,1981,527,2586813,7438/17,DEDWAR,1981,527
2586816,7438/20,IMGREC,1981,527,2586816,7438/20,DEDWAR,1981,527
2586878,7438/82,IMGREC,1981,527,2586878,7438/82,DEDWAR,1981,527
2586886,7438/90,IMGREC,1981,527,2586886,7438/90,DEDWAR,1981,527
2586898,7438/102,IMGREC,1981,527,2586898,7438/102,DEDWAR,1981,527
2586358,7437/162,IMGREC,1981,528,2586358,7437/162,DEDWAR,1981,528
2586423,7437/227,IMGREC,1981,528,2586423,7437/227,MAPPVA,1981,528
2587663,7439/239,IMGREC,1981,528,2587663,7439/239,CONSLE,1981,528
2587798,7439/374,IMGREC,1981,528,2587798,7439/374,DEDWAR,1981,528
2587883,7439/459,IMGREC,1981,528,2587883,7439/459,CONSLE,1981,528
2587903,7439/479,IMGREC,1981,528,2587903,7439/479,DEDQCL,1981,528
2588719,7441/24,IMGREC,1981,529,2588719,7441/24,DEDWAR,1981,529
2589318,7442/13,IMGREC,1981,601,2589318,7442/13,DEDWAR,1981,601
2598808,7442/20,IMGREC,1981,601,2598808,7442/20,DEDWAR,1981,601
2598808,7442/20,IMGREC,1981,601,2598808,7442/20,DEDWAR,1981,601
2598808,7442/20,IMGREC,1981,601,2598808,7442/20,DEDWAR,1981,601
2590398,7443/468,IMGREC,1981,602,2590398,7443/468,DEDWAR,1981,602
2590688,7444/36,IMGREC,1981,602,2590688,7444/36,DEDWAR,1981,602
2590872,7444/220,IMGREC,1981,602,2590872,7444/220,DEDWAR,1981,602
2590896,7444/244,IMGREC,1981,602,2590896,7444/244,DEDWAR,1981,602
2590924,7444/272,IMGREC,1981,602,2590924,7444/272,EAS,1981,602
2590924,7444/272,IMGREC,1981,602,2590924,7444/272,EAS,1981,602
2590983,7444/331,IMGREC,1981,602,2590983,7444/331,DEDWAR,1981,602
2591014,7444/362,IMGREC,1981,602,2591014,7444/362,DEDWAR,1981,602
2591928,7446/76,IMGREC,1981,602,2591928,7446/76,EAS,1981,602
2592008,7446/156,IMGREC,1981,602,2592008,7446/156,EASELE,1981,602
2592522,7447/40,IMGREC,1981,603,2592522,7447/40,DEDSHF,1981,603
2592609,7447/127,IMGREC,1981,603,2592609,7447/127,DEDWAR,1981,603
2592843,7447/361,IMGREC,1981,603,2592843,7447/361,EASELE,1981,603
2592966,7447/484,IMGREC,1981,603,2592966,7447/484,DEDWAR,1981,603
2593434,7448/341,IMGREC,1981,604,2593434,7448/341,NOT,1981,604
2594527,7450/234,IMGREC,1981,604,2594527,7450/234,DEDWAR,1981,604
2595016,7451/16,IMGREC,1981,605,2595016,7451/16,DEDQCL,1981,605
2595101,7451/101,IMGREC,1981,605,2595101,7451/101,DEDWAR,1981,605
2595436,7451/436,IMGREC,1981,605,2595436,7451/436,DEDWAR,1981,605
2596273,7452/497,IMGREC,1981,608,2596273,7452/497,CCR,1981,608
2596352,7452/576,IMGREC,1981,608,2596352,7452/576,CCR,1981,608
2596475,7453/99,IMGREC,1981,608,2596475,7453/99,DEDWAR,1981,608
2596536,7453/160,IMGREC,1981,608,2596536,7453/160,CCR,1981,608
2596552,7453/176,IMGREC,1981,608,2596552,7453/176,CCR,1981,608
2599428,7457/312,IMGREC,1981,610,2599428,7457/312,DEDWAR,1981,610
2599433,7457/317,IMGREC,1981,610,2599433,7457/317,DEDWAR,1981,610
2600053,7458/343,IMGREC,1981,610,2600053,7458/343,DEDWAR,1981,610
2600313,7459/3,IMGREC,1981,611,2600313,7459/3,DEDWAR,1981,611
2600364,7459/54,IMGREC,1981,611,2600364,7459/54,EASREL,1981,611
2600699,7459/387,IMGREC,1981,611,2600699,7459/387,DEDWAR,1981,611
2600889,7459/574,IMGREC,1981,611,2600889,7459/574,DEDCOR,1981,611
2609094,7459/59,IMGREC,1981,611,2609094,7459/59,EASREL,1981,611
2601530,7460/589,IMGREC,1981,612,2601530,7460/589,DEDWAR,1981,612
2602020,7461/449,IMGREC,1981,615,2602020,7461/449,DEDWAR,1981,615
2602173,7462/1,IMGREC,1981,615,2602173,7462/1,NOT,1981,615
2602177,7462/5,IMGREC,1981,615,2602177,7462/5,NOT,1981,615
2602640,7462/466,IMGREC,1981,615,2602640,7462/466,DCL,1981,615
2602640,7462/466,IMGREC,1981,615,2602640,7462/466,DCL,1981,615
2603282,7463/409,IMGREC,1981,616,2603282,7463/409,DEDWAR,1981,616
2603328,7463/455,IMGREC,1981,616,2603328,7463/455,DEDWAR,1981,616
2603885,7464/337,IMGREC,1981,617,2603885,7464/337,NOT,1981,617
2603953,7464/406,IMGREC,1981,617,2603953,7464/406,EASDRN,1981,617
2603955,7464/408,IMGREC,1981,617,2603955,7464/408,DED,1981,617
2604288,7465/141,IMGREC,1981,617,2604288,7465/141,DEDWAR,1981,517
2604461,7465/310,IMGREC,1981,617,2604461,7465/310,DEDWAR,1981,617
2604794,7466/40,IMGREC,1981,617,2604794,7466/40,DEDWAR,1981,617
2604798,7466/44,IMGREC,1981,617,2604798,7466/44,DEDWAR,1981,617
2604926,7466/167,IMGREC,1981,617,2604926,7466/167,DEDWAR,1981,617
2605407,7467/34,IMGREC,1981,618,2605407,7467/34,DEDWAR,1981,618
2608844,7472/392,IMGREC,1981,622,2608844,7472/392,DEDWAR,1981,622
2608928,7472/476,IMGREC,1981,622,2608928,7472/476,DEDQCL,1981,622
2609884,7474/198,IMGREC,1981,623,2609884,7474/198,DEDSHF,1981,623
2610106,7474/418,IMGREC,1981,624,2610106,7474/418,MAPPVA,1981,624
2610109,7474/421,IMGREC,1981,624,2610109,7474/421,MAPPVA,1981,624
2611855,7477/328,IMGREC,1981,625,2611855,7477/328,DEDWAR,1981,625
2612087,7477/558,IMGREC,1981,625,2612087,7477/558,DEDWAR,1981,625
2612188,7478/59,IMGREC,1981,625,2612188,7478/59,NOT,1981,625
2612492,7478/363,IMGREC,1981,625,2612492,7478/363,DEDWAR,1981,625
2612798,7479/23,IMGREC,1981,626,2612798,7479/23,CCR,1981,626
2612873,7479/98,IMGREC,1981,626,2612873,7479/98,CCR,1981,626
2613040,7479/265,IMGREC,1981,626,2613040,7479/265,DEDWAR,1981,626
2613433,7480/16,IMGREC,1981,629,2613433,7480/16,DEDWAR,1981,629
2614684,7482/24,IMGREC,1981,630,2614684,7482/24,DEDQCL,1981,630
2615009,7482/343,IMGREC,1981,630,2615009,7482/343,DEDWAR,1981,630
2615623,7483/357,IMGREC,1981,701,2615623,7483/357,CONSLE,1981,701
2615661,7483/389,IMGREC,1981,701,2615661,7483/389,DEDWAR,1981,701
2615722,7483/450,IMGREC,1981,701,2615722,7483/450,NOT,1981,701
2615726,7483/454,IMGREC,1981,701,2615726,7483/454,NOT,1981,701
2615866,7483/594,IMGREC,1981,701,2615866,7483/594,DEDWAR,1981,701
2617400,7486/260,IMGREC,1981,702,2617400,7486/260,NOT,1981,702
2617404,7486/264,IMGREC,1981,702,2617404,7486/264,NOT,1981,702
2618115,7487/375,IMGREC,1981,702,2618115,7487/375,DEDWAR,1981,702
2620247,7490/495,IMGREC,1981,707,2620247,7490/495,CONSLE,1981,707
2622661,7494/415,IMGREC,1981,709,2622661,7494/415,EASWTR,1981,709
2622671,7494/425,IMGREC,1981,709,2622671,7494/425,EASWTR,1981,709
2622709,7494/463,IMGREC,1981,709,2622709,7494/463,EASWTR,1981,709
2622919,7495/73,IMGREC,1981,709,2622919,7495/3,EASWTR,1981,709
2622921,7495/75,IMGREC,1981,709,2622921,7495/75,EASWTR,1981,709
2622921,7495/75,IMGREC,1981,709,2622921,7495/75,EASWTR,1981,709
2623236,7495/390,IMGREC,1981,709,2623236,7495/390,EASWTR,1981,709
2623236,7495/390,IMGREC,1981,709,2623236,7495/388,EASWTR,1981,709
2623275,7495/429,IMGREC,1981,709,2623275,7495/429,EASWTR,1981,709
2623279,7495/433,IMGREC,1981,709,2623279,7495/433,EASWTR,1981,709
2623287,7495/441,IMGREC,1981,709,2623287,7495/441,DEDWAR,1981,709
2623318,7495/472,IMGREC,1981,709,2623318,7495/472,EAS,1981,709
2623318,7495/472,IMGREC,1981,709,2623318,7495/472,EAS,1981,709
2623322,7495/476,IMGREC,1981,709,2623322,7495/476,EASWTR,1981,709
2623324,7495/478,IMGREC,1981,709,2623324,7495/478,EASWTR,1981,709
2623869,7496/422,IMGREC,1981,709,2623869,7496/422,EASWTR,1981,709
2623932,7496/485,IMGREC,1981,709,2623932,7496/485,EASWTR,1981,709
2623934,7496/487,IMGREC,1981,709,2623934,7496/487,EASWTR,1981,709
2623953,7496/506,IMGREC,1981,709,2623953,7496/506,EASWTR,1981,709
2623960,7496/513,IMGREC,1981,709,2623960,7496/513,DEDWAR,1981,709
2623980,7496/533,IMGREC,1981,709,2623980,7496/533,EASWTR,1981,709
2623982,7496/535,IMGREC,1981,709,2623982,7496/535,EASWTR,1981,709
2623984,7496/537,IMGREC,1981,709,2623984,7496/537,EASWTR,1981,709
2624073,7497/26,IMGREC,1981,709,2624073,7497/26,EASWTR,1981,709
2624073,7497/26,IMGREC,1981,709,2624073,7497/26,EAS,1981,709
2636248,7495/431,IMGREC,1981,709,2636248,7495/431,EASWTR,1981,709
2621964,7493/365,IMGREC,1981,710,2621964,7493/365,DEDWAR,1981,710
2624883,7498/142,IMGREC,1981,710,2624883,7498/142,DEDQCL,1981,710
2625279,7498/538,IMGREC,1981,710,2625279,7498/538,DEDWAR,1981,710
2625312,7498/571,IMGREC,1981,710,2625312,7498/571,DEDWAR,1981,710
2625339,7498/598,IMGREC,1981,710,2625339,186/450,JDGABS,1981,713
2625538,7499/128,IMGREC,1981,713,2625538,7499/128,NOT,1981,713
2626594,7500/575,IMGREC,1981,713,2626594,7500/575,DEDQCL,1981,713
2628523,7503/501,IMGREC,1981,714,2628523,7503/501,DEDWAR,1981,714
2628570,7503/548,IMGREC,1981,714,2628570,7503/548,DEDWAR,1981,714
2629344,7505/70,IMGREC,1981,715,2629344,7505/70,DEDFCL,1981,715
2626283,7500/265,IMGREC,1981,716,2626283,7500/265,MAPVAC,1981,716
2626285,7500/267,IMGREC,1981,716,2626285,7500/267,MAPVAC,1981,716
2626285,7500/267,IMGREC,1981,716,2626285,7500/267,MAPVAC,1981,716
2626288,7500/270,IMGREC,1981,716,2626288,7500/270,MAPPVA,1981,716
2626291,7500/273,IMGREC,1981,716,2626291,7500/273,MAPPVA,1981,716
2630349,7506/368,IMGREC,1981,716,2630349,7506/368,DEDWAR,1981,716
2630404,7506/423,IMGREC,1981,716,2630404,7506/423,DEDWAR,1981,716
2630553,7506/572,IMGREC,1981,716,2630553,7506/572,EAS,1981,716
2631374,7508/116,IMGREC,1981,717,2631374,7508/116,DEDWAR,1981,717
2631675,7508/417,IMGREC,1981,717,2631675,7508/417,DEDWAR,1981,717
2631691,7508/433,IMGREC,1981,717,2631691,7508/433,DEDWAR,1981,717
2631714,7508/456,IMGREC,1981,717,2631714,187/144,JDGABS,1981,720
2631714,7508/456,IMGREC,1981,717,2631714,187/144,JDGABS,1981,720
2631728,7508/470,IMGREC,1981,717,2631728,7508/470,EAS,1981,717
2631819,7508/555,IMGREC,1981,720,2631819,7508/555,DEDQCL,1981,720
2632285,7509/416,IMGREC,1981,720,2632285,7509/416,EAS,1981,720
2632484,7510/15,IMGREC,1981,720,2632484,7510/15,DEDWAR,1981,720
2632401,7509/532,IMGREC,1981,721,2632401,7509/532,DEDWAR,1981,721
2633146,7511/61,IMGREC,1981,721,2633146,7511/61,DEDWAR,1981,721
2633150,7511/65,IMGREC,1981,721,2633150,7511/65,DEDWAR,1981,721
2634312,7513/1,IMGREC,1981,722,2634312,7513/1,CCRAMD,1981,722
2635390,7514/372,IMGREC,1981,723,2635390,7514/372,DEDWAR,1981,723
2635421,7514/403,IMGREC,1981,723,2635421,7514/403,DEDWAR,1981,723
2635487,7514/469,IMGREC,1981,723,2635487,7514/469,DEDWAR,1981,723
2635576,7514/558,IMGREC,1981,723,2635576,7514/558,DEDMIN,1981,723
2635917,7515/299,IMGREC,1981,723,2635917,7515/299,DEDWAR,1981,723
2635931,7515/313,IMGREC,1981,723,2635931,7515/313,DED,1981,723
2635931,7515/313,IMGREC,1981,723,2635931,7515/313,DED,1981,723
2635996,7515/378,IMGREC,1981,723,2635996,7515/378,DEDWAR,1981,723
2636066,7515/448,IMGREC,1981,723,2636066,7515/448,DEDWAR,1981,723
2636946,7517/60,IMGREC,1981,724,2636946,7517/60,DEDWAR,1981,724
2638390,7519/91,IMGREC,1981,727,2638390,7519/91,DEDWAR,1981,727
2638535,7519/236,IMGREC,1981,727,2638535,7519/236,DEDWAR,1981,727
2638561,7519/262,IMGREC,1981,727,2638561,7519/262,DEDWAR,1981,727
2638564,7519/265,IMGREC,1981,727,2638564,7519/265,DEDWAR,1981,727
2639371,7520/291,IMGREC,1981,728,2639371,7520/291,DEDWAR,1981,728
2640799,7522/499,IMGREC,1981,729,2640799,7522/499,DEDPTN,1981,729
2640807,7522/507,IMGREC,1981,729,2640807,7522/507,DEDPTN,1981,729
2640832,7522/532,IMGREC,1981,729,2640832,7522/532,DEDPTN,1981,729
2640840,7522/540,IMGREC,1981,729,2640840,7522/540,DEDPTN,1981,729
2640848,7522/548,IMGREC,1981,729,2640848,7522/548,DEDPTN,1981,729
2641047,7523/147,IMGREC,1981,729,2641047,7523/147,NOT,1981,729
2641063,7523/163,IMGREC,1981,729,2641063,7523/163,DEDWAR,1981,729
2639117,7520/36,IMGREC,1981,730,2639117,7520/36,MAPPVA,1981,730
2639121,7520/40,IMGREC,1981,730,2639121,7520/40,MAPPVA,1981,730
2639124,7520/43,IMGREC,1981,730,2639124,7520/43,CMT,1981,730
2639124,7520/43,IMGREC,1981,730,2639124,7520/43,CMT,1981,730
2639124,7520/43,IMGREC,1981,730,2639124,7520/43,MAPPVA,1981,730
2639124,7520/43,IMGREC,1981,730,2639124,7520/43,MAPPVA,1981,730
2639124,7520/43,IMGREC,1981,730,2639124,7520/43,MAPPVA,1981,730
2639127,7520/46,IMGREC,1981,730,2639127,7520/46,MAPVAC,1981,730
2641578,7524/61,IMGREC,1981,730,2641578,7524/61,DEDWAR,1981,730
2641677,7524/160,IMGREC,1981,730,2641677,7524/160,EASELE,1981,730
2641852,7524/335,IMGREC,1981,730,2641852,7524/335,DEDWAR,1981,730
2641861,7524/344,IMGREC,1981,730,2641861,7524/344,EASELE,1981,730
2642213,7525/96,IMGREC,1981,730,2642213,7525/96,EASELE,1981,730
2648764,7524/280,IMGREC,1981,730,2648764,7524/280,EASELE,1981,730
2640344,7522/44,IMGREC,1981,731,2640344,7522/44,DEDWAR,1981,731
2641173,7523/268,IMGREC,1981,803,2641173,7523/268,DEDWAR,1981,803
2642118,7525/1,IMGREC,1981,803,2642118,7525/1,DEDWAR,1981,803
2643738,7527/317,IMGREC,1981,803,2643738,7572/317,DEDWAR,1981,803
2643885,7527/461,IMGREC,1981,803,2643885,7527/461,DEDWAR,1981,803
2643988,7527/564,IMGREC,1981,803,2643988,7527/564,DEDWAR,1981,803
2644240,7528/216,IMGREC,1981,803,2644240,7528/216,DEDWAR,1981,803
2644244,7528/220,IMGREC,1981,803,2644244,7528/220,DEDWAR,1981,803
2644433,7528/409,IMGREC,1981,803,2644433,7528/409,DEDWAR,1981,803
2644815,7529/191,IMGREC,1981,803,2644815,7529/191,DEDWAR,1981,803
2645046,7529/270,IMGREC,1981,804,2645046,7529/270,NOT,1981,804
2645139,7529/363,IMGREC,1981,804,2645139,7529/363,DEDWAR,1981,804
2645420,7530/44,IMGREC,1981,804,2645420,7530/44,DEDWAR,1981,804
2645424,7530/48,IMGREC,1981,804,2645424,7530/48,DEDWAR,1981,804
2646033,7531/57,IMGREC,1981,804,2646033,7531/57,DEDQCL,1981,804
2646084,7531/108,IMGREC,1981,804,2646084,7531/108,DEDWAR,1981,804
2646543,7531/446,IMGREC,1981,805,2646543,7531/446,DEDWAR,1981,805
2646674,7531/577,IMGREC,1981,805,2646674,7531/577,DEDWAR,1981,805
2646685,7531/588,IMGREC,1981,805,2646685,7531/588,DEDWAR,1981,805
2646759,7532/62,IMGREC,1981,805,2646759,7532/62,DEDWAR,1981,805
2647156,7532/459,IMGREC,1981,805,2647156,7532/459,DOTAMD,1981,805
2647502,7533/205,IMGREC,1981,805,2647502,7533/205,CONSLE,1981,805
2647506,7533/209,IMGREC,1981,805,2647506,7533/209,CONSLE,1981,805
2647918,7533/563,IMGREC,1981,806,2647918,7533/563,DEDWAR,1981,806
2648171,7534/214,IMGREC,1981,806,2648171,7534/214,DEDWAR,1981,806
2648171,7534/214,IMGREC,1981,806,2648171,7534/214,DEDWAR,1981,806
2648203,7534/246,IMGREC,1981,806,2648203,7534/246,DEDWAR,1981,806
2648414,7534/457,IMGREC,1981,806,2648414,7534/457,DEDWAR,1981,806
2649203,7536/7,IMGREC,1981,807,2649203,7536/7,DEDPTN,1981,807
2649448,7536/251,IMGREC,1981,807,2649448,7536/251,DEDWAR,1981,807
2649857,7537/60,IMGREC,1981,807,2649857,7537/60,NOT,1981,807
2650451,7538/53,IMGREC,1981,807,2650451,7538/53,CONSLE,1981,807
2651864,7540/215,IMGREC,1981,811,2651864,7540/215,DEDWAR,1981,810
2653066,7542/207,IMGREC,1981,812,2653066,7542/207,DEDWAR,1981,812
2653076,7542/217,IMGREC,1981,812,2653076,7542/217,CCR,1981,812
2653315,7542/455,IMGREC,1981,812,2653315,7542/455,CCR,1981,812
2653567,7543/107,IMGREC,1981,812,2653567,7543/107,DEDWAR,1981,812
2652748,7541/489,IMGREC,1981,813,2652748,7541/489,MAPPVA,1981,813
2654667,7544/579,IMGREC,1981,813,2654667,7544/579,DEDWAR,1981,813
2654747,7545/59,IMGREC,1981,813,2654747,7545/59,CONSLE,1981,813
2655094,7545/406,IMGREC,1981,813,2655094,7545/406,DEDWAR,1981,813
2655228,7545/540,IMGREC,1981,813,2655228,7545/540,DEDWAR,1981,813
2655313,7545/581,IMGREC,1981,814,2655313,7545/581,DED,1981,814
2655500,7546/141,IMGREC,1981,814,2655500,7546/141,DEDWAR,1981,814
2655697,7546/337,IMGREC,1981,814,2655697,7546/337,DEDCOR,1981,814
2655700,7546/340,IMGREC,1981,814,2655700,7546/340,DEDWAR,1981,814
2656208,7547/244,IMGREC,1981,814,2656208,7547/244,DEDWAR,1981,814
2657421,7549/205,IMGREC,1981,818,2657421,7549/205,DEDWAR,1981,818
2658253,7550/414,IMGREC,1981,819,2658253,7550/414,POAREL,1981,819
2658690,7551/227,IMGREC,1981,819,2658690,7551/227,DEDWAR,1981,819
2658972,7551/504,IMGREC,1981,819,2658972,7551/504,DEDWAR,1981,819
2660684,7554/321,IMGREC,1981,820,2660684,7554/321,DEDWAR,1981,820
2660730,7555/10,IMGREC,1981,821,2660730,7555/10,DEDWAR,1981,821
2661634,7555/911,IMGREC,1981,821,2661634,7555/911,ARTAMD,1981,821
2661634,7555/911,IMGREC,1981,821,2661634,7555/911,ARTANM,1981,821
2661866,7556/143,IMGREC,1981,824,2661866,7556/143,DEDWAR,1981,824
2665208,7559/420,IMGREC,1981,828,2665208,7559/420,NOTSLE,1981,828
2665208,7559/420,IMGREC,1981,828,2665208,7559/420,NOTSLE,1981,828
2666905,7561/76,IMGREC,1981,828,2666905,7561/76,DEDWAR,1981,828
2666983,7561/154,IMGREC,1981,828,2666983,7561/154,DEDWAR,1981,828
2666987,7561/158,IMGREC,1981,828,2666987,7561/158,DEDQCL,1981,828
2666989,7561/160,IMGREC,1981,828,2666989,7561/160,DEDWAR,1981,828
2667118,7561/289,IMGREC,1981,828,2667118,7561/289,EASREL,1981,828
2667120,7561/291,IMGREC,1981,828,2667120,7561/291,EASTEL,1981,828
2667773,7561/944,IMGREC,1981,828,2667773,7561/944,DEDWAR,1981,828
2668645,7562/816,IMGREC,1981,831,2668645,7562/816,DEDWAR,1981,831
2668710,7562/881,IMGREC,1981,831,2668710,7562/881,DEDWAR,1981,831
2668730,7562/901,IMGREC,1981,831,2668730,7562/901,DEDWAR,1981,831
2668766,7562/937,IMGREC,1981,831,2668766,7562/937,DEDQCL,1981,831
2669216,7563/387,IMGREC,1981,831,2669216,7563/387,DEDWAR,1981,831
2667619,7561/790,IMGREC,1981,901,2667619,7561/790,DEDCOR,1981,901
2669478,7563/649,IMGREC,1981,901,2669478,7563/649,EASELE,1981,901
2670309,7564/476,IMGREC,1981,901,2670309,7564/476,NOTSLE,1981,901
2670309,7564/476,IMGREC,1981,901,2670309,7564/476,NOTSLE,1981,901
2669468,7563/639,IMGREC,1981,902,2669468,7563/639,DEDWAR,1981,902
2672001,7566/168,IMGREC,1981,902,2672001,7566/168,DEDWAR,1981,902
2672005,7566/172,IMGREC,1981,902,2672005,7566/172,DEDQCL,1981,902
2672433,7566/600,IMGREC,1981,902,2672433,7566/600,DEDWAR,1981,902
2672611,7566/778,IMGREC,1981,902,2672611,7566/778,DEDWAR,1981,902
2672661,7566/828,IMGREC,1981,902,2672661,7566/828,DEDWAR,1981,902
2672847,7567/10,IMGREC,1981,902,2672847,7567/10,DEDQCL,1981,902
2673385,7567/547,IMGREC,1981,902,2673385,7567/547,DEDWAR,1981,902
2671748,7565/915,IMGREC,1981,903,2671748,7565/915,MAPPVA,1981,903
2671831,7565/998,IMGREC,1981,903,2671831,7656/998,NOTSLE,1981,903
2671831,7565/998,IMGREC,1981,903,2671831,7656/998,NOTSLE,1981,903
2674125,7568/287,IMGREC,1981,903,2674125,7578/271,POA,1981,916
2674309,7568/471,IMGREC,1981,903,2674309,7568/471,DEDWAR,1981,903
2674508,7568/670,IMGREC,1981,903,2674508,7568/670,DEDWAR,1981,903
2674511,7568/673,IMGREC,1981,903,2674511,7468/673,DEDWAR,1981,903
2674515,7568/677,IMGREC,1981,903,2674515,7568/677,DEDWAR,1981,903
2674518,7568/680,IMGREC,1981,903,2674518,7568/680,DEDWAR,1981,903
2674565,7568/727,IMGREC,1981,903,2674565,7568/727,DEDWAR,1981,903
2673043,7567/205,IMGREC,1981,904,2673043,7567/205,DEDWAR,1981,904
2673050,7567/212,IMGREC,1981,904,2673050,7567/212,DEDQCL,1981,904
2675498,7569/658,IMGREC,1981,904,2675498,7569/658,DEDWAR,1981,909
2674353,7568/515,IMGREC,1981,908,2674353,7568/515,EASREL,1981,908
2674359,7568/521,IMGREC,1981,908,2674359,7568/521,EASREL,1981,908
2676755,7570/911,IMGREC,1981,908,2676755,7570/911,DEDWAR,1981,908
2676871,7571/27,IMGREC,1981,908,2676871,7571/27,DEDWAR,1981,908
2676028,7570/184,IMGREC,1981,909,2676028,7570/184,MAPPVA,1981,909
2676053,7570/209,IMGREC,1981,909,2676053,7570/209,MAPVAC,1981,909
2676053,7570/209,IMGREC,1981,909,2676053,7570/209,MAPVAC,1981,909
2676057,7570/213,IMGREC,1981,909,2676057,7570/213,MAPVAC,1981,909
2676057,7570/213,IMGREC,1981,909,2676057,7570/213,MAPVAC,1981,909
2678462,7572/607,IMGREC,1981,909,2678462,7572/607,NOTPRT,1981,909
2678462,7572/607,IMGREC,1981,909,2678462,7572/607,NOTPRT,1981,909
2678462,7572/607,IMGREC,1981,909,2678462,7572/607,NOTPRT,1981,909
2678462,7572/607,IMGREC,1981,909,2678462,7572/607,NOTPRT,1981,909
2678462,7572/607,IMGREC,1981,909,2678462,7572/607,NOTPRT,1981,909
2678870,7573/15,IMGREC,1981,909,2678870,7573/15,DEDWAR,1981,910
2677304,7571/460,IMGREC,1981,910,2677304,7571/460,DEDWAR,1981,910
2677812,7571/968,IMGREC,1981,911,2677812,7571/968,EASSWR,1981,911
2678246,7572/391,IMGREC,1981,911,2678246,7572/391,EASSWR,1981,911
2678248,7572/393,IMGREC,1981,911,2678248,7572/393,EASUTL,1981,911
2678369,7572/514,IMGREC,1981,911,2678369,7572/514,DEDWAR,1981,911
2680059,7574/204,IMGREC,1981,911,2680059,7574/204,DEDWAR,1981,911
2680062,7574/207,IMGREC,1981,911,2680062,7574/207,DEDWAR,1981,911
2680633,7574/778,IMGREC,1981,911,2680633,7574/778,DEDQCL,1981,911
2680633,7574/778,IMGREC,1981,911,2680633,7574/778,DEDQCL,1981,911
2679456,7573/601,IMGREC,1981,914,2679456,7573/601,DEDWAR,1981,914
2681406,7575/551,IMGREC,1981,914,2681406,7575/551,DEDWAR,1981,914
2681424,7575/569,IMGREC,1981,914,2681424,7575/569,DEDWAR,1981,914
2682036,7576/181,IMGREC,1981,914,2682036,7576/181,DEDWAR,1981,914
2682558,7576/703,IMGREC,1981,915,2682558,7576/703,DEDWAR,1981,915
2682608,7576/753,IMGREC,1981,915,2682608,7576/753,DEDWAR,1981,915
2682960,7577/105,IMGREC,1981,915,2682960,7577/105,DEDWAR,1981,915
2683593,7577/738,IMGREC,1981,916,2683593,7577/738,EASTEL,1981,916
2683606,7577/751,IMGREC,1981,916,2683606,7577/751,DEDWAR,1981,916
2684072,7578/218,IMGREC,1981,916,2684072,7578/218,NOT,1981,916
2685073,7579/219,IMGREC,1981,917,2685073,7579/219,DEDWAR,1981,917
2685099,7579/245,IMGREC,1981,917,2685099,7579/245,DEDWAR,1981,917
2685099,7579/245,IMGREC,1981,917,2685099,7579/245,DEDWAR,1981,917
2685244,7579/390,IMGREC,1981,917,2685244,7579/390,DEDWAR,1981,917
2685652,7579/798,IMGREC,1981,917,2685652,7579/798,DEDWAR,1981,917
2685652,7579/798,IMGREC,1981,917,2685652,7579/798,DEDWAR,1981,917
2685829,7579/975,IMGREC,1981,918,2685829,7579/975,DEDWAR,1981,918
2686647,7580/793,IMGREC,1981,918,2686647,7580/793,DEDWAR,1981,918
2686649,7580/795,IMGREC,1981,918,2686649,7580/795,DEDWAR,1981,918
2686685,7580/831,IMGREC,1981,918,2686685,7580/831,DEDWAR,1981,918
2686836,7580/982,IMGREC,1981,921,2686836,7580/982,DEDWAR,1981,921
2687025,7581/171,IMGREC,1981,921,2687025,7581/171,DEDWAR,1981,921
2687033,7581/179,IMGREC,1981,921,2687033,7581/179,DEDWAR,1981,921
2687447,7581/593,IMGREC,1981,921,2687447,7581/593,DEDWAR,1981,921
2687450,7581/596,IMGREC,1981,921,2687450,7581/596,NOT,1981,921
2687659,7581/805,IMGREC,1981,921,2687659,7581/805,DEDWAR,1981,921
2687663,7581/809,IMGREC,1981,921,2687663,7581/809,DEDWAR,1981,921
2687710,7581/856,IMGREC,1981,921,2687710,7581/856,DEDWAR,1981,921
2689033,7583/179,IMGREC,1981,923,2689033,7583/179,DED,1981,923
2689115,7583/261,IMGREC,1981,923,2689115,7583/261,DEDWAR,1981,923
2689115,7583/261,IMGREC,1981,923,2689115,7583/261,DEDWAR,1981,923
2690523,7584/427,IMGREC,1981,924,2690523,7584/427,EASELE,1981,924
2690523,7584/427,IMGREC,1981,924,2690523,7584/427,EASELE,1981,924
2690523,7584/427,IMGREC,1981,924,2690523,7514/427,EASELE,1981,924
2690523,7584/427,IMGREC,1981,924,2690523,7584/427,EASELE,1981,924
2690523,7584/427,IMGREC,1981,924,2690523,7584/427,EASELE,1981,924
2690540,7584/444,IMGREC,1981,924,2690540,7584/444,DEDWAR,1981,924
2690540,7584/444,IMGREC,1981,924,2690540,7584/444,DEDWAR,1981,924
2690811,7584/716,IMGREC,1981,924,2690811,7584/716,DEDWAR,1981,924
2691054,7584/959,IMGREC,1981,925,2691054,7584/959,DEDMIN,1981,925
2691115,7584/1020,IMGREC,1981,925,2691115,7584/1020,DEDQCL,1981,925
2691115,7584/1020,IMGREC,1981,925,2691115,7584/1020,DEDQCL,1981,925
2691751,7585/456,IMGREC,1981,925,2691751,7585/456,DEDWAR,1981,925
2692121,7585/805,IMGREC,1981,928,2692121,7585/805,DEDPRT,1981,928
2692121,7585/805,IMGREC,1981,928,2692121,7585/805,DEDPRT,1981,928
2692121,7585/805,IMGREC,1981,928,2692121,7585/805,DEDPRT,1981,928
2692235,7585/919,IMGREC,1981,928,2692235,7585/919,DEDQCL,1981,928
2692267,7585/951,IMGREC,1981,928,2692267,7585/951,DEDWAR,1981,928
2692413,7585/1097,IMGREC,1981,928,2692413,7585/1097,DEDWAR,1981,928
2692417,7585/1101,IMGREC,1981,928,2692417,7585/1101,DEDWAR,1981,928
2692421,7585/1105,IMGREC,1981,928,2692421,7585/1105,DEDWAR,1981,928
2692671,7586/129,IMGREC,1981,928,2692671,7586/129,DED,1981,928
2692685,7586/143,IMGREC,1981,928,2692685,7586/143,DEDWAR,1981,928
2692908,7586/366,IMGREC,1981,928,2692908,7586/366,DEDWAR,1981,928
2693050,7586/508,IMGREC,1981,928,2693050,7586/508,DEDWAR,1981,928
2693219,7586/677,IMGREC,1981,929,2693219,7586/677,DEDWAR,1981,929
2693475,7586/933,IMGREC,1981,929,2693475,7586/933,DEDWAR,1981,929
2693475,7586/933,IMGREC,1981,929,2693475,7586/933,DEDWAR,1981,929
2694072,7587/530,IMGREC,1981,929,2694072,7587/530,DEDWAR,1981,929
2694200,7587/658,IMGREC,1981,930,2694200,7587/658,DEDWAR,1981,930
2694432,7587/890,IMGREC,1981,930,2694432,7587/890,DEDWAR,1981,930
2635571,7589/18,IMGREC,1981,1001,2635571,7514/553,AFF,1981,723
2635571,7589/18,IMGREC,1981,1001,2635571,7514/553,AFF,1981,723
2635613,7589/60,IMGREC,1981,1001,2635613,7514/595,AFF,1981,723
2635631,7589/78,IMGREC,1981,1001,2635631,7515/13,NOTDIV,1981,723
2635631,7589/78,IMGREC,1981,1001,2635631,7515/13,NOTDIV,1981,723
2635978,7589/425,IMGREC,1981,1001,2635978,7515/360,JDGREL,1981,723
2636355,7589/802,IMGREC,1981,1001,2636355,187/280,JDGABS,1981,724
2636376,7589/823,IMGREC,1981,1001,2636376,7516/93,POA,1981,724
2696103,7589/550,IMGREC,1981,1001,2696103,7589/550,DEDWAR,1981,1001
2696717,7590/164,IMGREC,1981,1002,2696717,7590/164,CONSLE,1981,1002
2698062,7591/487,IMGREC,1981,1005,2698062,7591/487,DEDWAR,1981,1005
2698109,7591/534,IMGREC,1981,1005,2698109,7591/534,DEDWAR,1981,1005
2698115,7591/540,IMGREC,1981,1005,2698115,7591/540,NOT,1981,1005
2698211,7591/636,IMGREC,1981,1005,2698211,7591/636,DEDWAR,1981,1005
2698690,7592/90,IMGREC,1981,1005,2698690,7592/90,DEDWAR,1981,1005
2698802,7592/202,IMGREC,1981,1007,2698802,7592/202,EASSWR,1981,1007
2700395,7593/792,IMGREC,1981,1007,2700395,7593/792,DEDWAR,1981,1007
2700637,7594/11,IMGREC,1981,1007,2700637,7594/11,DEDWAR,1981,1007
2700754,7594/128,IMGREC,1981,1007,2700754,7594/128,NOT,1981,1007
2701762,7595/122,IMGREC,1981,1008,2701762,7595/122,DEDWAR,1981,1008
2702675,7596/32,IMGREC,1981,1009,2702675,7596/32,DEDWAR,1981,1009
2703251,7596/608,IMGREC,1981,1009,2703251,7596/608,DEDWAR,1981,1009
2704231,7597/588,IMGREC,1981,1012,2704231,7597/588,DEDQCL,1981,1012
2704459,7597/816,IMGREC,1981,1012,2704459,7597/816,DEDWAR,1981,1012
2705011,7598/368,IMGREC,1981,1013,2705011,7598/368,DEDWAR,1981,1013
2705076,7598/433,IMGREC,1981,1013,2705076,7598/433,DEDWAR,1981,1013
2705515,7598/872,IMGREC,1981,1013,2705515,7598/872,DEDADM,1981,1013
2705515,7598/872,IMGREC,1981,1013,2705515,7598/872,DEDADM,1981,1013
2705515,7598/872,IMGREC,1981,1013,2705515,7598/872,DEDADM,1981,1013
2705515,7598/872,IMGREC,1981,1013,2705515,7598/872,DEDADM,1981,1013
2705532,7598/889,IMGREC,1981,1013,2705532,7598/889,EAS,1981,1013
2705539,7598/896,IMGREC,1981,1013,2705539,7598/896,DEDWAR,1981,1013
2704920,7598/277,IMGREC,1981,1014,2704920,7598/277,NOT,1981,1014
2705702,7599/51,IMGREC,1981,1014,2705702,7599/51,DEDWAR,1981,1014
2705766,7599/114,IMGREC,1981,1014,2705766,7599/114,DEDWAR,1981,1014
2707187,7600/636,IMGREC,1981,1015,2707187,7600/636,EAS,1981,1015
2707187,7600/636,IMGREC,1981,1015,2707187,7600/636,NOT,1981,1015
2707737,7601/186,IMGREC,1981,1016,2707737,7601/186,DEDWAR,1981,1016
2707754,7601/203,IMGREC,1981,1016,2707754,7601/203,DEDWAR,1981,1016
2707760,7601/209,IMGREC,1981,1016,2707760,7601/209,DEDWAR,1981,1016
2709319,7602/764,IMGREC,1981,1019,2709319,7602/764,CCR,1981,1019
2709595,7603/40,IMGREC,1981,1019,2709595,7603/40,DEDWAR,1981,1019
2709808,7603/253,IMGREC,1981,1019,2709808,7603/253,DEDWAR,1981,1019
2710001,7603/446,IMGREC,1981,1019,2710001,7603/446,DEDWAR,1981,1019
2710969,7604/411,IMGREC,1981,1021,2710969,7604/411,EAS,1981,1021
2711005,7604/447,IMGREC,1981,1021,2711005,7604/447,DEDWAR,1981,1021
2711215,7604/658,IMGREC,1981,1021,2711215,7604/658,NOT,1981,1021
2711314,7604/757,IMGREC,1981,1021,2711314,7604/757,EASELE,1981,1021
2711316,7604/759,IMGREC,1981,1021,2711316,7604/759,EASELE,1981,1021
2711349,7604/791,IMGREC,1981,1021,2711349,7604/791,EASELE,1981,1021
2711409,7604/851,IMGREC,1981,1021,2711409,7604/851,EASELE,1981,1021
2711907,7605/344,IMGREC,1981,1021,2711907,7605/344,DEDWAR,1981,1021
2712108,7605/545,IMGREC,1981,1022,2712108,7605/545,DEDWAR,1981,1022
2712507,7605/944,IMGREC,1981,1022,2712507,7605/944,DEDWAR,1981,1022
2714481,7607/909,IMGREC,1981,1026,2714481,7607/909,DEDWAR,1981,1026
2714481,7607/909,IMGREC,1981,1026,2714481,7607/909,DEDWAR,1981,1026
2715087,7608/508,IMGREC,1981,1027,2715087,7608/508,DEDWAR,1981,1027
2715087,7608/508,IMGREC,1981,1027,2715087,7608/508,DEDWAR,1981,1027
2715551,7608/972,IMGREC,1981,1027,2715551,7608/972,DEDWAR,1981,1027
2715997,7609/418,IMGREC,1981,1027,2715997,7609/418,DEDWAR,1981,1027
2715997,7609/418,IMGREC,1981,1027,2715997,7609/418,DEDWAR,1981,1027
2717747,7611/169,IMGREC,1981,1029,2717747,7611/169,DEDWAR,1981,1029
2717967,7611/389,IMGREC,1981,1029,2717967,7611/389,DEDWAR,1981,1029
2718649,7612/65,IMGREC,1981,1030,2718649,7612/65,DEDWAR,1981,1030
2718655,7612/71,IMGREC,1981,1030,2718655,7612/71,DOT,1981,1030
2718663,7612/79,IMGREC,1981,1030,2718663,7612/79,DOT,1981,1030
2719013,7612/430,IMGREC,1981,1030,2719013,7612/430,DOTAMD,1981,1030
2719325,7612/742,IMGREC,1981,1102,2719325,7612/742,DEDWAR,1981,1102
2719662,7613/79,IMGREC,1981,1102,2719662,7613/79,DEDWAR,1981,1102
2719666,7613/83,IMGREC,1981,1102,2719666,7613/83,DEDWAR,1981,1102
2719671,7613/88,IMGREC,1981,1102,2719671,7613/88,DEDWAR,1981,1102
2719677,7613/94,IMGREC,1981,1102,2719677,7613/94,DEDWAR,1981,1102
2720047,7613/464,IMGREC,1981,1102,2720047,7613/464,DEDWAR,1981,1102
2720224,7613/641,IMGREC,1981,1103,2720224,7613/641,EAS,1981,1103
2720558,7613/975,IMGREC,1981,1103,2720558,7613/975,DEDWAR,1981,1103
2721790,7615/188,IMGREC,1981,1104,2721790,7615/188,MAPPVA,1981,1104
2722131,7615/529,IMGREC,1981,1104,2722131,7615/529,DEDWAR,1981,1104
2723514,7616/913,IMGREC,1981,1105,2723514,7616/913,DEDWAR,1981,1105
2723602,7617/1,IMGREC,1981,1106,2723602,7617/1,DEDWAR,1981,1106
2723605,7617/4,IMGREC,1981,1106,2723605,7617/4,DEDWAR,1981,1106
2725194,7618/594,IMGREC,1981,1106,2725194,7618/594,DEDWAR,1981,1106
2725742,7619/128,IMGREC,1981,1109,2725742,7619/128,DEDWAR,1981,1109
2726327,7619/713,IMGREC,1981,1109,2726327,7619/713,DEDWAR,1981,1109
2726389,7619/775,IMGREC,1981,1109,2726389,7619/775,DEDWAR,1981,1109
2726698,7620/84,IMGREC,1981,1110,2726698,7620/84,DEDWAR,1981,1110
2726797,7620/183,IMGREC,1981,1110,2726797,7620/183,DEDWAR,1981,1110
2726800,7620/186,IMGREC,1981,1110,2726800,7620/186,DEDWAR,1981,1110
2727730,7621/109,IMGREC,1981,1111,2727730,7621/109,DEDWAR,1981,1111
2728374,7621/753,IMGREC,1981,1112,2728374,7621/753,EAS,1981,1112
2728399,7621/778,IMGREC,1981,1112,2728399,7621/778,EASELE,1981,812
2728404,7621/783,IMGREC,1981,1112,2728404,7621/783,CCR,1981,1112
2728436,7621/815,IMGREC,1981,1112,2728436,7621/815,EASELE,1981,1112
2728940,7622/311,IMGREC,1981,1112,2728940,7622/311,DEDWAR,1981,1112
2730516,7623/887,IMGREC,1981,1116,2730516,7623/887,EAS,1981,1116
2730933,7624/288,IMGREC,1981,1116,2730933,7624/288,DEDWAR,1981,1116
2731662,7625/1,IMGREC,1981,1118,2731662,7625/1,NOT,1981,1118
2731662,7625/1,IMGREC,1981,1118,2731662,7625/1,NOT,1981,1118
2733005,7626/340,IMGREC,1981,1119,2733005,7626/340,ARTAMD,1981,1119
2733009,7626/344,IMGREC,1981,1119,2733009,7626/344,EASREL,1981,1119
2733178,7626/513,IMGREC,1981,1119,2733178,7626/513,EASTEL,1981,1119
2733753,7627/87,IMGREC,1981,1120,2733753,7627/87,DEDWAR,1981,1120
2733819,7627/153,IMGREC,1981,1120,2733819,7627/153,CCR,1981,1120
2734620,7627/954,IMGREC,1981,1123,2734620,7627/954,DEDWAR,1981,1123
2734634,7627/968,IMGREC,1981,1123,2734634,7627/968,DEDWAR,1981,1123
2734847,7628/180,IMGREC,1981,1123,2734847,7628/180,DEDWAR,1981,1123
2735008,7628/341,IMGREC,1981,1123,2735008,7628/341,MAPPVA,1981,1123
2735310,7628/643,IMGREC,1981,1123,2735310,7628/643,DEDWAR,1981,1123
2735760,7629/74,IMGREC,1981,1124,2735760,7629/74,DEDQCL,1981,1124
2735763,7629/77,IMGREC,1981,1124,2735763,7629/77,DEDQCL,1981,1124
2735827,7629/141,IMGREC,1981,1124,2735827,7629/141,DEDWAR,1981,1124
2735902,7629/216,IMGREC,1981,1124,2735902,7629/216,DEDQCL,1981,1124
2736278,7629/592,IMGREC,1981,1124,2736278,7629/592,DEDWAR,1981,1124
2736733,7630/47,IMGREC,1981,1125,2736733,7630/47,MAPVAC,1981,1125
2736736,7630/50,IMGREC,1981,1125,2736736,7630/50,MAPVAC,1981,1125
2736743,7630/57,IMGREC,1981,1125,2736743,7630/57,MAPVAC,1981,1125
2736747,7630/61,IMGREC,1981,1125,2736747,7630/61,MAPPVA,1981,1125
2736751,7630/65,IMGREC,1981,1125,2736751,7630/65,MAPPVA,1981,1125
2736755,7630/69,IMGREC,1981,1125,2736755,7630/69,MAPPVA,1981,1125
2736781,7630/95,IMGREC,1981,1125,2736781,7630/95,NOTSLE,1981,1125
2736781,7630/95,IMGREC,1981,1125,2736781,7630/95,NOTSLE,1981,1125
2736781,7630/95,IMGREC,1981,1125,2736781,7630/95,NOTSLE,1981,1125
2736781,7630/95,IMGREC,1981,1125,2736781,7630/95,NOTSLE,1981,1125
2736793,7630/107,IMGREC,1981,1125,2736793,7630/107,DEDWAR,1981,1125
2736794,7630/108,IMGREC,1981,1125,2736794,7630/108,DEDWAR,1981,1125
2736795,7630/109,IMGREC,1981,1125,2736795,7630/109,DEDWAR,1981,1125
2736796,7630/110,IMGREC,1981,1125,2736796,7630/110,DEDWAR,1981,1125
2736797,7630/111,IMGREC,1981,1125,2736797,7630/111,DEDWAR,1981,1125
2736798,7630/112,IMGREC,1981,1125,2736798,7630/112,DEDWAR,1981,1125
2736857,7630/171,IMGREC,1981,1125,2736857,7630/171,DEDWAR,1981,1125
2737313,7630/626,IMGREC,1981,1125,2737313,7630/626,DEDWAR,1981,1125
2738285,7631/588,IMGREC,1981,1130,2738285,7631/588,EASELE,1981,1130
2738378,7631/681,IMGREC,1981,1130,2738378,7631/681,EASELE,1981,1130
2738380,7631/683,IMGREC,1981,1130,2738380,7631/683,EASELE,1981,1120
2738392,7631/695,IMGREC,1981,1130,2738392,7631/695,EAS,1981,1130
2739157,7632/460,IMGREC,1981,1201,2739157,7632/460,DEDWAR,1981,1201
2739331,7632/634,IMGREC,1981,1201,2739331,7632/634,DEDWAR,1981,1201
2739336,7632/639,IMGREC,1981,1201,2739336,7632/639,DEDWAR,1981,1201
2739650,7632/953,IMGREC,1981,1201,2739650,7632/953,DEDWAR,1981,1201
2740137,7633/425,IMGREC,1981,1202,2740137,7633/425,MAPVAC,1981,1202
2740239,7633/527,IMGREC,1981,1202,2740239,7633/527,DEDWAR,1981,1202
2741473,7634/761,IMGREC,1981,1203,2741473,7634/761,DEDWAR,1981,1203
2743005,7636/269,IMGREC,1981,1204,2743005,7636/269,DEDWAR,1981,1204
2743180,7636/444,IMGREC,1981,1204,2743180,7636/444,DEDWAR,1981,1204
2743376,7636/640,IMGREC,1981,1207,2743376,7636/640,NOT,1981,1207
2743558,7636/822,IMGREC,1981,1207,2743558,7636/822,EASELE,1981,1207
2743564,7636/828,IMGREC,1981,1207,2743564,7636/828,NOT,1981,1207
2743564,7636/828,IMGREC,1981,1207,2743564,7636/828,NOT,1981,1207
2744798,7638/62,IMGREC,1981,1209,2744798,7638/62,DEDWAR,1981,1209
2744803,7638/67,IMGREC,1981,1209,2744803,7638/67,DEDWAR,1981,1209
2745611,7638/875,IMGREC,1981,1209,2745611,7638/875,DEDWAR,1981,1209
2746035,7639/295,IMGREC,1981,1210,2746035,7639/295,DEDQCL,1981,1210
2746113,7639/373,IMGREC,1981,1210,2746113,7639/373,DEDWAR,1981,1210
2746113,7639/373,IMGREC,1981,1210,2746113,7639/373,DEDWAR,1981,1210
2746113,7639/373,IMGREC,1981,1210,2746113,7639/373,DEDWAR,1981,1210
2746644,7639/904,IMGREC,1981,1210,2746644,7639/904,DEDWAR,1981,1210
2746846,7640/106,IMGREC,1981,1211,2746846,7640/106,DEDWAR,1981,1211
2747262,7640/522,IMGREC,1981,1211,2747262,7640/522,DEDWAR,1981,1211
2747418,7640/678,IMGREC,1981,1211,2747418,7640/678,EASDRN,1981,1214
2747778,7641/38,IMGREC,1981,1211,2747778,7641/38,DEDWAR,1981,1211
2749369,7642/628,IMGREC,1981,1215,2749369,7642/628,DEDWAR,1981,1215
2749462,7642/721,IMGREC,1981,1215,2749462,7642/721,DEDWAR,1981,1215
2749592,7642/851,IMGREC,1981,1215,2749592,7642/851,DEDWAR,1981,1215
2750593,7643/852,IMGREC,1981,1216,2750593,7643/852,NOTSLE,1981,1216
2750593,7643/852,IMGREC,1981,1216,2750593,7643/852,NOTSLE,1981,1216
2750593,7643/852,IMGREC,1981,1216,2750593,7643/852,NOT,1981,1216
2750593,7643/852,IMGREC,1981,1216,2750593,7643/852,NOT,1981,1216
2750707,7643/966,IMGREC,1981,1217,2750707,7643/966,NOT,1981,1217
2750717,7643/976,IMGREC,1981,1217,2750717,7643/976,DEDWAR,1981,1217
2751255,7644/507,IMGREC,1981,1217,2751255,7644/507,DEDWAR,1981,1217
2751400,7644/652,IMGREC,1981,1217,2751400,7644/652,DEDWAR,1981,1217
2751406,7644/658,IMGREC,1981,1217,2751406,7644/658,DEDWAR,1981,1217
2751411,7644/663,IMGREC,1981,1217,2751411,7644/663,EASUTL,1981,1217
2751417,7644/669,IMGREC,1981,1217,2751417,7644/669,EAS,1981,1217
2751611,7644/863,IMGREC,1981,1217,2751611,7644/863,EASUTL,1981,1217
2753583,7646/801,IMGREC,1981,1221,2753583,7646/801,DEDWAR,1981,1221
2759826,7646/160,IMGREC,1981,1221,2759826,7646/160,PRTAMD,1981,1221
2759826,7646/160,IMGREC,1981,1221,2759826,7646/160,PRTAMD,1981,1221
2759826,7646/160,IMGREC,1981,1221,2759826,7646/160,PRTAMD,1981,1221
2759826,7646/160,IMGREC,1981,1221,2759826,7646/160,PRTAMD,1981,1221
2759826,7646/160,IMGREC,1981,1221,2759826,7646/160,PRTAMD,1981,1221
2754733,7647/937,IMGREC,1981,1222,2754733,7647/937,DEDWAR,1981,1222
2755305,7648/509,IMGREC,1981,1222,2755305,7648/509,EASTEL,1981,1222
2755307,7648/511,IMGREC,1981,1222,2755307,7648/511,EASTEL,1981,1222
2755373,7648/577,IMGREC,1981,1222,2755373,7648/577,DEDWAR,1981,1222
2754280,7647/484,IMGREC,1981,1223,2754280,7647/484,DEDWAR,1981,1223
2755715,7648/919,IMGREC,1981,1223,2755715,7648/919,DEDWAR,1981,1223
2757855,7651/59,IMGREC,1981,1229,2757855,7651/59,DEDQCL,1981,1229
2759068,7652/247,IMGREC,1981,1230,2759068,7652/247,DEDWAR,1981,1230
2759070,7652/249,IMGREC,1981,1230,2759070,7652/249,DEDWAR,1981,1230
2759679,7652/858,IMGREC,1981,1231,2759679,7652/858,NOT,1981,1231
2759687,7652/866,IMGREC,1981,1231,2759687,7652/866,DEDWAR,1981,1231
2759737,7652/916,IMGREC,1981,1231,2759737,7652/916,EAS,1981,1231
2760020,7653/181,IMGREC,1981,1231,2760020,7653/181,DEDWAR,1981,1231
2760104,7653/265,IMGREC,1981,1231,2760104,7653/265,DEDWAR,1981,1231
2760178,7653/339,IMGREC,1981,1231,2760178,7653/339,DEDWAR,1981,1231
2760202,7653/363,IMGREC,1981,1231,2760202,7653/363,DEDWAR,1981,1231
2760716,7653/877,IMGREC,1981,1231,2760716,7653/877,CCR,1981,1231
2760720,7653/881,IMGREC,1981,1231,2760720,7653/881,CCR,1981,1231
2760726,7653/887,IMGREC,1981,1231,2760726,7653/887,CCR,1981,1231
2760734,7653/895,IMGREC,1981,1231,2760734,7653/895,CCR,1981,1231
2760737,7653/898,IMGREC,1981,1231,2760737,7653/898,CCR,1981,1231
2760741,7653/902,IMGREC,1981,1231,2760741,7653/902,CCR,1981,1231
